Object,Time Step,Instance ID,Coordinates,Available,CPU,RAM,Disk,CPU Demand,RAM Demand,Disk Demand,Ongoing Migrations,Services,Registries,Layers,Images,Download Queue,Waiting Queue,Max. Concurrent Layer Downloads,Power Consumption
EdgeServer_1,0,1,"[0, 0]",True,8,16384,131072,0,0,0,0,[],[],[],[],[],[],3,165.99599999999998
EdgeServer_2,0,2,"[0, 2]",True,8,16384,131072,0,0,0,0,[],[],[],[],[],[],3,165.99599999999998
EdgeServer_3,0,3,"[6, 0]",True,8,8192,131072,0,0,0,0,[],[],[],[],[],[],3,66.9914
EdgeServer_4,0,4,"[1, 3]",True,8,8192,131072,2,4096,80,0,"[4, 5]",[],"['ADD file:966d3669b40f5fbaecee1', '/bin/sh -c set -x     && addgr', 'ADD file:b83df51ab7caf8a4dc35f']",[],[],[],3,104.74355
EdgeServer_5,0,5,"[7, 1]",True,12,16384,131072,3,5120,1017,0,"[1, 2]",[1],"['ADD file:5d673d25da3a14ce1f6cf', '/bin/sh -c set -eux; \tversion=', 'ADD file:966d3669b40f5fbaecee1', '/bin/sh -c set -x     && addgr', 'ADD file:b83df51ab7caf8a4dc35f', 'ADD file:e8d512b08fe2ddc6f2c85', '/bin/sh -c set -eux; \tapt-get ', '/bin/sh -c set -ex; \tif ! comm', '/bin/sh -c apt-get update && a', '/bin/sh -c set -ex; \tapt-get u', '/bin/sh -c set -eux; \tapt-get ', '/bin/sh -c set -eux; \t\twget -O', '/bin/sh -c set -eux; \t\twget -O', '/bin/sh -c set -eux; \tsavedApt', '/bin/sh -c set -eux; \t\tsavedAp', '/bin/sh -c ARCH= && dpkgArch=""', '/bin/sh -c set -ex   && for ke', '/bin/sh -c set -eux; \tapt-get ', '/bin/sh -c set -ex; \t\tsavedApt', '/bin/sh -c set -x \t&& export D', 'ADD file:59187422476c57db46e60', '/bin/sh -c apt-get update && a', '/bin/sh -c set -eux; \tsavedApt', '/bin/sh -c set -eux; \tapt-get ', '/bin/sh -c { \t\techo mysql-comm', '|1 PGP_KEYSERVER=keyserver.ubu', '|1 PGP_KEYSERVER=keyserver.ubu', '/bin/sh -c set -eux; \tapt-get ', '/bin/sh -c set -eux; \t\tsavedAp', '/bin/sh -c set -eux; \t\tsavedAp']","['registry', 'alpine', 'nginx', 'ubuntu', 'python', 'redis', 'node', 'mongo', 'mysql', 'rabbitmq', 'debian', 'php']",[],[],3,97.325
EdgeServer_6,0,6,"[6, 2]",True,12,16384,131072,2,4096,80,0,"[3, 6]",[],"['ADD file:966d3669b40f5fbaecee1', '/bin/sh -c set -x     && addgr', 'ADD file:b83df51ab7caf8a4dc35f']",[],[],[],3,85.91666666666667
EdgeServer_1,1,1,"[0, 0]",True,8,16384,131072,0,0,0,0,[],[],[],[],[],[],3,165.99599999999998
EdgeServer_2,1,2,"[0, 2]",True,8,16384,131072,0,0,0,0,[],[],[],[],[],[],3,165.99599999999998
EdgeServer_3,1,3,"[6, 0]",True,8,8192,131072,0,0,0,0,[],[],[],[],[],[],3,66.9914
EdgeServer_4,1,4,"[1, 3]",True,8,8192,131072,2,4096,80,0,"[4, 5]",[],"['ADD file:966d3669b40f5fbaecee1', '/bin/sh -c set -x     && addgr', 'ADD file:b83df51ab7caf8a4dc35f']",[],[],[],3,104.74355
EdgeServer_5,1,5,"[7, 1]",True,12,16384,131072,3,5120,1017,0,"[1, 2]",[1],"['ADD file:5d673d25da3a14ce1f6cf', '/bin/sh -c set -eux; \tversion=', 'ADD file:966d3669b40f5fbaecee1', '/bin/sh -c set -x     && addgr', 'ADD file:b83df51ab7caf8a4dc35f', 'ADD file:e8d512b08fe2ddc6f2c85', '/bin/sh -c set -eux; \tapt-get ', '/bin/sh -c set -ex; \tif ! comm', '/bin/sh -c apt-get update && a', '/bin/sh -c set -ex; \tapt-get u', '/bin/sh -c set -eux; \tapt-get ', '/bin/sh -c set -eux; \t\twget -O', '/bin/sh -c set -eux; \t\twget -O', '/bin/sh -c set -eux; \tsavedApt', '/bin/sh -c set -eux; \t\tsavedAp', '/bin/sh -c ARCH= && dpkgArch=""', '/bin/sh -c set -ex   && for ke', '/bin/sh -c set -eux; \tapt-get ', '/bin/sh -c set -ex; \t\tsavedApt', '/bin/sh -c set -x \t&& export D', 'ADD file:59187422476c57db46e60', '/bin/sh -c apt-get update && a', '/bin/sh -c set -eux; \tsavedApt', '/bin/sh -c set -eux; \tapt-get ', '/bin/sh -c { \t\techo mysql-comm', '|1 PGP_KEYSERVER=keyserver.ubu', '|1 PGP_KEYSERVER=keyserver.ubu', '/bin/sh -c set -eux; \tapt-get ', '/bin/sh -c set -eux; \t\tsavedAp', '/bin/sh -c set -eux; \t\tsavedAp']","['registry', 'alpine', 'nginx', 'ubuntu', 'python', 'redis', 'node', 'mongo', 'mysql', 'rabbitmq', 'debian', 'php']",[],[],3,97.325
EdgeServer_6,1,6,"[6, 2]",True,12,16384,131072,2,4096,80,0,"[3, 6]",[],"['ADD file:966d3669b40f5fbaecee1', '/bin/sh -c set -x     && addgr', 'ADD file:b83df51ab7caf8a4dc35f']",[],[],[],3,85.91666666666667
EdgeServer_1,2,1,"[0, 0]",True,8,16384,131072,0,0,0,0,[],[],[],[],[],[],3,165.99599999999998
EdgeServer_2,2,2,"[0, 2]",True,8,16384,131072,0,0,0,0,[],[],[],[],[],[],3,165.99599999999998
EdgeServer_3,2,3,"[6, 0]",True,8,8192,131072,0,0,0,0,[],[],[],[],[],[],3,66.9914
EdgeServer_4,2,4,"[1, 3]",True,8,8192,131072,2,4096,80,0,"[4, 5]",[],"['ADD file:966d3669b40f5fbaecee1', '/bin/sh -c set -x     && addgr', 'ADD file:b83df51ab7caf8a4dc35f']",[],[],[],3,104.74355
EdgeServer_5,2,5,"[7, 1]",True,12,16384,131072,3,5120,1017,0,"[1, 2]",[1],"['ADD file:5d673d25da3a14ce1f6cf', '/bin/sh -c set -eux; \tversion=', 'ADD file:966d3669b40f5fbaecee1', '/bin/sh -c set -x     && addgr', 'ADD file:b83df51ab7caf8a4dc35f', 'ADD file:e8d512b08fe2ddc6f2c85', '/bin/sh -c set -eux; \tapt-get ', '/bin/sh -c set -ex; \tif ! comm', '/bin/sh -c apt-get update && a', '/bin/sh -c set -ex; \tapt-get u', '/bin/sh -c set -eux; \tapt-get ', '/bin/sh -c set -eux; \t\twget -O', '/bin/sh -c set -eux; \t\twget -O', '/bin/sh -c set -eux; \tsavedApt', '/bin/sh -c set -eux; \t\tsavedAp', '/bin/sh -c ARCH= && dpkgArch=""', '/bin/sh -c set -ex   && for ke', '/bin/sh -c set -eux; \tapt-get ', '/bin/sh -c set -ex; \t\tsavedApt', '/bin/sh -c set -x \t&& export D', 'ADD file:59187422476c57db46e60', '/bin/sh -c apt-get update && a', '/bin/sh -c set -eux; \tsavedApt', '/bin/sh -c set -eux; \tapt-get ', '/bin/sh -c { \t\techo mysql-comm', '|1 PGP_KEYSERVER=keyserver.ubu', '|1 PGP_KEYSERVER=keyserver.ubu', '/bin/sh -c set -eux; \tapt-get ', '/bin/sh -c set -eux; \t\tsavedAp', '/bin/sh -c set -eux; \t\tsavedAp']","['registry', 'alpine', 'nginx', 'ubuntu', 'python', 'redis', 'node', 'mongo', 'mysql', 'rabbitmq', 'debian', 'php']",[],[],3,97.325
EdgeServer_6,2,6,"[6, 2]",True,12,16384,131072,2,4096,80,0,"[3, 6]",[],"['ADD file:966d3669b40f5fbaecee1', '/bin/sh -c set -x     && addgr', 'ADD file:b83df51ab7caf8a4dc35f']",[],[],[],3,85.91666666666667
EdgeServer_1,3,1,"[0, 0]",True,8,16384,131072,0,0,0,0,[],[],[],[],[],[],3,165.99599999999998
EdgeServer_2,3,2,"[0, 2]",True,8,16384,131072,0,0,0,0,[],[],[],[],[],[],3,165.99599999999998
EdgeServer_3,3,3,"[6, 0]",True,8,8192,131072,0,0,0,0,[],[],[],[],[],[],3,66.9914
EdgeServer_4,3,4,"[1, 3]",True,8,8192,131072,2,4096,80,0,"[4, 5]",[],"['ADD file:966d3669b40f5fbaecee1', '/bin/sh -c set -x     && addgr', 'ADD file:b83df51ab7caf8a4dc35f']",[],[],[],3,104.74355
EdgeServer_5,3,5,"[7, 1]",True,12,16384,131072,3,5120,1017,0,"[1, 2]",[1],"['ADD file:5d673d25da3a14ce1f6cf', '/bin/sh -c set -eux; \tversion=', 'ADD file:966d3669b40f5fbaecee1', '/bin/sh -c set -x     && addgr', 'ADD file:b83df51ab7caf8a4dc35f', 'ADD file:e8d512b08fe2ddc6f2c85', '/bin/sh -c set -eux; \tapt-get ', '/bin/sh -c set -ex; \tif ! comm', '/bin/sh -c apt-get update && a', '/bin/sh -c set -ex; \tapt-get u', '/bin/sh -c set -eux; \tapt-get ', '/bin/sh -c set -eux; \t\twget -O', '/bin/sh -c set -eux; \t\twget -O', '/bin/sh -c set -eux; \tsavedApt', '/bin/sh -c set -eux; \t\tsavedAp', '/bin/sh -c ARCH= && dpkgArch=""', '/bin/sh -c set -ex   && for ke', '/bin/sh -c set -eux; \tapt-get ', '/bin/sh -c set -ex; \t\tsavedApt', '/bin/sh -c set -x \t&& export D', 'ADD file:59187422476c57db46e60', '/bin/sh -c apt-get update && a', '/bin/sh -c set -eux; \tsavedApt', '/bin/sh -c set -eux; \tapt-get ', '/bin/sh -c { \t\techo mysql-comm', '|1 PGP_KEYSERVER=keyserver.ubu', '|1 PGP_KEYSERVER=keyserver.ubu', '/bin/sh -c set -eux; \tapt-get ', '/bin/sh -c set -eux; \t\tsavedAp', '/bin/sh -c set -eux; \t\tsavedAp']","['registry', 'alpine', 'nginx', 'ubuntu', 'python', 'redis', 'node', 'mongo', 'mysql', 'rabbitmq', 'debian', 'php']",[],[],3,97.325
EdgeServer_6,3,6,"[6, 2]",True,12,16384,131072,2,4096,80,0,"[3, 6]",[],"['ADD file:966d3669b40f5fbaecee1', '/bin/sh -c set -x     && addgr', 'ADD file:b83df51ab7caf8a4dc35f']",[],[],[],3,85.91666666666667
EdgeServer_1,4,1,"[0, 0]",True,8,16384,131072,0,0,0,0,[],[],[],[],[],[],3,165.99599999999998
EdgeServer_2,4,2,"[0, 2]",True,8,16384,131072,0,0,0,0,[],[],[],[],[],[],3,165.99599999999998
EdgeServer_3,4,3,"[6, 0]",True,8,8192,131072,0,0,0,0,[],[],[],[],[],[],3,66.9914
EdgeServer_4,4,4,"[1, 3]",True,8,8192,131072,2,4096,80,0,"[4, 5]",[],"['ADD file:966d3669b40f5fbaecee1', '/bin/sh -c set -x     && addgr', 'ADD file:b83df51ab7caf8a4dc35f']",[],[],[],3,104.74355
EdgeServer_5,4,5,"[7, 1]",True,12,16384,131072,3,5120,1017,0,"[1, 2]",[1],"['ADD file:5d673d25da3a14ce1f6cf', '/bin/sh -c set -eux; \tversion=', 'ADD file:966d3669b40f5fbaecee1', '/bin/sh -c set -x     && addgr', 'ADD file:b83df51ab7caf8a4dc35f', 'ADD file:e8d512b08fe2ddc6f2c85', '/bin/sh -c set -eux; \tapt-get ', '/bin/sh -c set -ex; \tif ! comm', '/bin/sh -c apt-get update && a', '/bin/sh -c set -ex; \tapt-get u', '/bin/sh -c set -eux; \tapt-get ', '/bin/sh -c set -eux; \t\twget -O', '/bin/sh -c set -eux; \t\twget -O', '/bin/sh -c set -eux; \tsavedApt', '/bin/sh -c set -eux; \t\tsavedAp', '/bin/sh -c ARCH= && dpkgArch=""', '/bin/sh -c set -ex   && for ke', '/bin/sh -c set -eux; \tapt-get ', '/bin/sh -c set -ex; \t\tsavedApt', '/bin/sh -c set -x \t&& export D', 'ADD file:59187422476c57db46e60', '/bin/sh -c apt-get update && a', '/bin/sh -c set -eux; \tsavedApt', '/bin/sh -c set -eux; \tapt-get ', '/bin/sh -c { \t\techo mysql-comm', '|1 PGP_KEYSERVER=keyserver.ubu', '|1 PGP_KEYSERVER=keyserver.ubu', '/bin/sh -c set -eux; \tapt-get ', '/bin/sh -c set -eux; \t\tsavedAp', '/bin/sh -c set -eux; \t\tsavedAp']","['registry', 'alpine', 'nginx', 'ubuntu', 'python', 'redis', 'node', 'mongo', 'mysql', 'rabbitmq', 'debian', 'php']",[],[],3,97.325
EdgeServer_6,4,6,"[6, 2]",True,12,16384,131072,2,4096,80,0,"[3, 6]",[],"['ADD file:966d3669b40f5fbaecee1', '/bin/sh -c set -x     && addgr', 'ADD file:b83df51ab7caf8a4dc35f']",[],[],[],3,85.91666666666667
EdgeServer_1,5,1,"[0, 0]",True,8,16384,131072,0,0,0,0,[],[],[],[],[],[],3,165.99599999999998
EdgeServer_2,5,2,"[0, 2]",True,8,16384,131072,0,0,0,0,[],[],[],[],[],[],3,165.99599999999998
EdgeServer_3,5,3,"[6, 0]",True,8,8192,131072,0,0,0,0,[],[],[],[],[],[],3,66.9914
EdgeServer_4,5,4,"[1, 3]",True,8,8192,131072,2,4096,80,0,"[4, 5]",[],"['ADD file:966d3669b40f5fbaecee1', '/bin/sh -c set -x     && addgr', 'ADD file:b83df51ab7caf8a4dc35f']",[],[],[],3,104.74355
EdgeServer_5,5,5,"[7, 1]",True,12,16384,131072,3,5120,1017,0,"[1, 2]",[1],"['ADD file:5d673d25da3a14ce1f6cf', '/bin/sh -c set -eux; \tversion=', 'ADD file:966d3669b40f5fbaecee1', '/bin/sh -c set -x     && addgr', 'ADD file:b83df51ab7caf8a4dc35f', 'ADD file:e8d512b08fe2ddc6f2c85', '/bin/sh -c set -eux; \tapt-get ', '/bin/sh -c set -ex; \tif ! comm', '/bin/sh -c apt-get update && a', '/bin/sh -c set -ex; \tapt-get u', '/bin/sh -c set -eux; \tapt-get ', '/bin/sh -c set -eux; \t\twget -O', '/bin/sh -c set -eux; \t\twget -O', '/bin/sh -c set -eux; \tsavedApt', '/bin/sh -c set -eux; \t\tsavedAp', '/bin/sh -c ARCH= && dpkgArch=""', '/bin/sh -c set -ex   && for ke', '/bin/sh -c set -eux; \tapt-get ', '/bin/sh -c set -ex; \t\tsavedApt', '/bin/sh -c set -x \t&& export D', 'ADD file:59187422476c57db46e60', '/bin/sh -c apt-get update && a', '/bin/sh -c set -eux; \tsavedApt', '/bin/sh -c set -eux; \tapt-get ', '/bin/sh -c { \t\techo mysql-comm', '|1 PGP_KEYSERVER=keyserver.ubu', '|1 PGP_KEYSERVER=keyserver.ubu', '/bin/sh -c set -eux; \tapt-get ', '/bin/sh -c set -eux; \t\tsavedAp', '/bin/sh -c set -eux; \t\tsavedAp']","['registry', 'alpine', 'nginx', 'ubuntu', 'python', 'redis', 'node', 'mongo', 'mysql', 'rabbitmq', 'debian', 'php']",[],[],3,97.325
EdgeServer_6,5,6,"[6, 2]",True,12,16384,131072,2,4096,80,0,"[3, 6]",[],"['ADD file:966d3669b40f5fbaecee1', '/bin/sh -c set -x     && addgr', 'ADD file:b83df51ab7caf8a4dc35f']",[],[],[],3,85.91666666666667
EdgeServer_1,6,1,"[0, 0]",True,8,16384,131072,0,0,0,0,[],[],[],[],[],[],3,165.99599999999998
EdgeServer_2,6,2,"[0, 2]",True,8,16384,131072,0,0,0,0,[],[],[],[],[],[],3,165.99599999999998
EdgeServer_3,6,3,"[6, 0]",True,8,8192,131072,0,0,0,0,[],[],[],[],[],[],3,66.9914
EdgeServer_4,6,4,"[1, 3]",True,8,8192,131072,2,4096,80,0,"[4, 5]",[],"['ADD file:966d3669b40f5fbaecee1', '/bin/sh -c set -x     && addgr', 'ADD file:b83df51ab7caf8a4dc35f']",[],[],[],3,104.74355
EdgeServer_5,6,5,"[7, 1]",True,12,16384,131072,3,5120,1017,0,"[1, 2]",[1],"['ADD file:5d673d25da3a14ce1f6cf', '/bin/sh -c set -eux; \tversion=', 'ADD file:966d3669b40f5fbaecee1', '/bin/sh -c set -x     && addgr', 'ADD file:b83df51ab7caf8a4dc35f', 'ADD file:e8d512b08fe2ddc6f2c85', '/bin/sh -c set -eux; \tapt-get ', '/bin/sh -c set -ex; \tif ! comm', '/bin/sh -c apt-get update && a', '/bin/sh -c set -ex; \tapt-get u', '/bin/sh -c set -eux; \tapt-get ', '/bin/sh -c set -eux; \t\twget -O', '/bin/sh -c set -eux; \t\twget -O', '/bin/sh -c set -eux; \tsavedApt', '/bin/sh -c set -eux; \t\tsavedAp', '/bin/sh -c ARCH= && dpkgArch=""', '/bin/sh -c set -ex   && for ke', '/bin/sh -c set -eux; \tapt-get ', '/bin/sh -c set -ex; \t\tsavedApt', '/bin/sh -c set -x \t&& export D', 'ADD file:59187422476c57db46e60', '/bin/sh -c apt-get update && a', '/bin/sh -c set -eux; \tsavedApt', '/bin/sh -c set -eux; \tapt-get ', '/bin/sh -c { \t\techo mysql-comm', '|1 PGP_KEYSERVER=keyserver.ubu', '|1 PGP_KEYSERVER=keyserver.ubu', '/bin/sh -c set -eux; \tapt-get ', '/bin/sh -c set -eux; \t\tsavedAp', '/bin/sh -c set -eux; \t\tsavedAp']","['registry', 'alpine', 'nginx', 'ubuntu', 'python', 'redis', 'node', 'mongo', 'mysql', 'rabbitmq', 'debian', 'php']",[],[],3,97.325
EdgeServer_6,6,6,"[6, 2]",True,12,16384,131072,2,4096,80,0,"[3, 6]",[],"['ADD file:966d3669b40f5fbaecee1', '/bin/sh -c set -x     && addgr', 'ADD file:b83df51ab7caf8a4dc35f']",[],[],[],3,85.91666666666667
EdgeServer_1,7,1,"[0, 0]",True,8,16384,131072,0,0,0,0,[],[],[],[],[],[],3,165.99599999999998
EdgeServer_2,7,2,"[0, 2]",True,8,16384,131072,0,0,0,0,[],[],[],[],[],[],3,165.99599999999998
EdgeServer_3,7,3,"[6, 0]",True,8,8192,131072,0,0,0,0,[],[],[],[],[],[],3,66.9914
EdgeServer_4,7,4,"[1, 3]",True,8,8192,131072,2,4096,80,0,"[4, 5]",[],"['ADD file:966d3669b40f5fbaecee1', '/bin/sh -c set -x     && addgr', 'ADD file:b83df51ab7caf8a4dc35f']",[],[],[],3,104.74355
EdgeServer_5,7,5,"[7, 1]",True,12,16384,131072,3,5120,1017,0,"[1, 2]",[1],"['ADD file:5d673d25da3a14ce1f6cf', '/bin/sh -c set -eux; \tversion=', 'ADD file:966d3669b40f5fbaecee1', '/bin/sh -c set -x     && addgr', 'ADD file:b83df51ab7caf8a4dc35f', 'ADD file:e8d512b08fe2ddc6f2c85', '/bin/sh -c set -eux; \tapt-get ', '/bin/sh -c set -ex; \tif ! comm', '/bin/sh -c apt-get update && a', '/bin/sh -c set -ex; \tapt-get u', '/bin/sh -c set -eux; \tapt-get ', '/bin/sh -c set -eux; \t\twget -O', '/bin/sh -c set -eux; \t\twget -O', '/bin/sh -c set -eux; \tsavedApt', '/bin/sh -c set -eux; \t\tsavedAp', '/bin/sh -c ARCH= && dpkgArch=""', '/bin/sh -c set -ex   && for ke', '/bin/sh -c set -eux; \tapt-get ', '/bin/sh -c set -ex; \t\tsavedApt', '/bin/sh -c set -x \t&& export D', 'ADD file:59187422476c57db46e60', '/bin/sh -c apt-get update && a', '/bin/sh -c set -eux; \tsavedApt', '/bin/sh -c set -eux; \tapt-get ', '/bin/sh -c { \t\techo mysql-comm', '|1 PGP_KEYSERVER=keyserver.ubu', '|1 PGP_KEYSERVER=keyserver.ubu', '/bin/sh -c set -eux; \tapt-get ', '/bin/sh -c set -eux; \t\tsavedAp', '/bin/sh -c set -eux; \t\tsavedAp']","['registry', 'alpine', 'nginx', 'ubuntu', 'python', 'redis', 'node', 'mongo', 'mysql', 'rabbitmq', 'debian', 'php']",[],[],3,97.325
EdgeServer_6,7,6,"[6, 2]",True,12,16384,131072,2,4096,80,0,"[3, 6]",[],"['ADD file:966d3669b40f5fbaecee1', '/bin/sh -c set -x     && addgr', 'ADD file:b83df51ab7caf8a4dc35f']",[],[],[],3,85.91666666666667
EdgeServer_1,8,1,"[0, 0]",True,8,16384,131072,0,0,0,0,[],[],[],[],[],[],3,165.99599999999998
EdgeServer_2,8,2,"[0, 2]",True,8,16384,131072,0,0,0,0,[],[],[],[],[],[],3,165.99599999999998
EdgeServer_3,8,3,"[6, 0]",True,8,8192,131072,0,0,0,0,[],[],[],[],[],[],3,66.9914
EdgeServer_4,8,4,"[1, 3]",True,8,8192,131072,2,4096,80,0,"[4, 5]",[],"['ADD file:966d3669b40f5fbaecee1', '/bin/sh -c set -x     && addgr', 'ADD file:b83df51ab7caf8a4dc35f']",[],[],[],3,104.74355
EdgeServer_5,8,5,"[7, 1]",True,12,16384,131072,3,5120,1017,0,"[1, 2]",[1],"['ADD file:5d673d25da3a14ce1f6cf', '/bin/sh -c set -eux; \tversion=', 'ADD file:966d3669b40f5fbaecee1', '/bin/sh -c set -x     && addgr', 'ADD file:b83df51ab7caf8a4dc35f', 'ADD file:e8d512b08fe2ddc6f2c85', '/bin/sh -c set -eux; \tapt-get ', '/bin/sh -c set -ex; \tif ! comm', '/bin/sh -c apt-get update && a', '/bin/sh -c set -ex; \tapt-get u', '/bin/sh -c set -eux; \tapt-get ', '/bin/sh -c set -eux; \t\twget -O', '/bin/sh -c set -eux; \t\twget -O', '/bin/sh -c set -eux; \tsavedApt', '/bin/sh -c set -eux; \t\tsavedAp', '/bin/sh -c ARCH= && dpkgArch=""', '/bin/sh -c set -ex   && for ke', '/bin/sh -c set -eux; \tapt-get ', '/bin/sh -c set -ex; \t\tsavedApt', '/bin/sh -c set -x \t&& export D', 'ADD file:59187422476c57db46e60', '/bin/sh -c apt-get update && a', '/bin/sh -c set -eux; \tsavedApt', '/bin/sh -c set -eux; \tapt-get ', '/bin/sh -c { \t\techo mysql-comm', '|1 PGP_KEYSERVER=keyserver.ubu', '|1 PGP_KEYSERVER=keyserver.ubu', '/bin/sh -c set -eux; \tapt-get ', '/bin/sh -c set -eux; \t\tsavedAp', '/bin/sh -c set -eux; \t\tsavedAp']","['registry', 'alpine', 'nginx', 'ubuntu', 'python', 'redis', 'node', 'mongo', 'mysql', 'rabbitmq', 'debian', 'php']",[],[],3,97.325
EdgeServer_6,8,6,"[6, 2]",True,12,16384,131072,2,4096,80,0,"[3, 6]",[],"['ADD file:966d3669b40f5fbaecee1', '/bin/sh -c set -x     && addgr', 'ADD file:b83df51ab7caf8a4dc35f']",[],[],[],3,85.91666666666667
EdgeServer_1,9,1,"[0, 0]",True,8,16384,131072,0,0,0,0,[],[],[],[],[],[],3,165.99599999999998
EdgeServer_2,9,2,"[0, 2]",True,8,16384,131072,0,0,0,0,[],[],[],[],[],[],3,165.99599999999998
EdgeServer_3,9,3,"[6, 0]",True,8,8192,131072,0,0,0,0,[],[],[],[],[],[],3,66.9914
EdgeServer_4,9,4,"[1, 3]",True,8,8192,131072,2,4096,80,0,"[4, 5]",[],"['ADD file:966d3669b40f5fbaecee1', '/bin/sh -c set -x     && addgr', 'ADD file:b83df51ab7caf8a4dc35f']",[],[],[],3,104.74355
EdgeServer_5,9,5,"[7, 1]",True,12,16384,131072,3,5120,1017,0,"[1, 2]",[1],"['ADD file:5d673d25da3a14ce1f6cf', '/bin/sh -c set -eux; \tversion=', 'ADD file:966d3669b40f5fbaecee1', '/bin/sh -c set -x     && addgr', 'ADD file:b83df51ab7caf8a4dc35f', 'ADD file:e8d512b08fe2ddc6f2c85', '/bin/sh -c set -eux; \tapt-get ', '/bin/sh -c set -ex; \tif ! comm', '/bin/sh -c apt-get update && a', '/bin/sh -c set -ex; \tapt-get u', '/bin/sh -c set -eux; \tapt-get ', '/bin/sh -c set -eux; \t\twget -O', '/bin/sh -c set -eux; \t\twget -O', '/bin/sh -c set -eux; \tsavedApt', '/bin/sh -c set -eux; \t\tsavedAp', '/bin/sh -c ARCH= && dpkgArch=""', '/bin/sh -c set -ex   && for ke', '/bin/sh -c set -eux; \tapt-get ', '/bin/sh -c set -ex; \t\tsavedApt', '/bin/sh -c set -x \t&& export D', 'ADD file:59187422476c57db46e60', '/bin/sh -c apt-get update && a', '/bin/sh -c set -eux; \tsavedApt', '/bin/sh -c set -eux; \tapt-get ', '/bin/sh -c { \t\techo mysql-comm', '|1 PGP_KEYSERVER=keyserver.ubu', '|1 PGP_KEYSERVER=keyserver.ubu', '/bin/sh -c set -eux; \tapt-get ', '/bin/sh -c set -eux; \t\tsavedAp', '/bin/sh -c set -eux; \t\tsavedAp']","['registry', 'alpine', 'nginx', 'ubuntu', 'python', 'redis', 'node', 'mongo', 'mysql', 'rabbitmq', 'debian', 'php']",[],[],3,97.325
EdgeServer_6,9,6,"[6, 2]",True,12,16384,131072,2,4096,80,0,"[3, 6]",[],"['ADD file:966d3669b40f5fbaecee1', '/bin/sh -c set -x     && addgr', 'ADD file:b83df51ab7caf8a4dc35f']",[],[],[],3,85.91666666666667
EdgeServer_1,10,1,"[0, 0]",True,8,16384,131072,0,0,0,0,[],[],[],[],[],[],3,165.99599999999998
EdgeServer_2,10,2,"[0, 2]",True,8,16384,131072,0,0,0,0,[],[],[],[],[],[],3,165.99599999999998
EdgeServer_3,10,3,"[6, 0]",True,8,8192,131072,0,0,0,0,[],[],[],[],[],[],3,66.9914
EdgeServer_4,10,4,"[1, 3]",True,8,8192,131072,2,4096,80,0,"[4, 5]",[],"['ADD file:966d3669b40f5fbaecee1', '/bin/sh -c set -x     && addgr', 'ADD file:b83df51ab7caf8a4dc35f']",[],[],[],3,104.74355
EdgeServer_5,10,5,"[7, 1]",True,12,16384,131072,3,5120,1017,0,"[1, 2]",[1],"['ADD file:5d673d25da3a14ce1f6cf', '/bin/sh -c set -eux; \tversion=', 'ADD file:966d3669b40f5fbaecee1', '/bin/sh -c set -x     && addgr', 'ADD file:b83df51ab7caf8a4dc35f', 'ADD file:e8d512b08fe2ddc6f2c85', '/bin/sh -c set -eux; \tapt-get ', '/bin/sh -c set -ex; \tif ! comm', '/bin/sh -c apt-get update && a', '/bin/sh -c set -ex; \tapt-get u', '/bin/sh -c set -eux; \tapt-get ', '/bin/sh -c set -eux; \t\twget -O', '/bin/sh -c set -eux; \t\twget -O', '/bin/sh -c set -eux; \tsavedApt', '/bin/sh -c set -eux; \t\tsavedAp', '/bin/sh -c ARCH= && dpkgArch=""', '/bin/sh -c set -ex   && for ke', '/bin/sh -c set -eux; \tapt-get ', '/bin/sh -c set -ex; \t\tsavedApt', '/bin/sh -c set -x \t&& export D', 'ADD file:59187422476c57db46e60', '/bin/sh -c apt-get update && a', '/bin/sh -c set -eux; \tsavedApt', '/bin/sh -c set -eux; \tapt-get ', '/bin/sh -c { \t\techo mysql-comm', '|1 PGP_KEYSERVER=keyserver.ubu', '|1 PGP_KEYSERVER=keyserver.ubu', '/bin/sh -c set -eux; \tapt-get ', '/bin/sh -c set -eux; \t\tsavedAp', '/bin/sh -c set -eux; \t\tsavedAp']","['registry', 'alpine', 'nginx', 'ubuntu', 'python', 'redis', 'node', 'mongo', 'mysql', 'rabbitmq', 'debian', 'php']",[],[],3,97.325
EdgeServer_6,10,6,"[6, 2]",True,12,16384,131072,2,4096,80,0,"[3, 6]",[],"['ADD file:966d3669b40f5fbaecee1', '/bin/sh -c set -x     && addgr', 'ADD file:b83df51ab7caf8a4dc35f']",[],[],[],3,85.91666666666667
EdgeServer_1,11,1,"[0, 0]",True,8,16384,131072,0,0,0,0,[],[],[],[],[],[],3,165.99599999999998
EdgeServer_2,11,2,"[0, 2]",True,8,16384,131072,0,0,0,0,[],[],[],[],[],[],3,165.99599999999998
EdgeServer_3,11,3,"[6, 0]",True,8,8192,131072,0,0,0,0,[],[],[],[],[],[],3,66.9914
EdgeServer_4,11,4,"[1, 3]",True,8,8192,131072,2,4096,80,0,"[4, 5]",[],"['ADD file:966d3669b40f5fbaecee1', '/bin/sh -c set -x     && addgr', 'ADD file:b83df51ab7caf8a4dc35f']",[],[],[],3,104.74355
EdgeServer_5,11,5,"[7, 1]",True,12,16384,131072,3,5120,1017,0,"[1, 2]",[1],"['ADD file:5d673d25da3a14ce1f6cf', '/bin/sh -c set -eux; \tversion=', 'ADD file:966d3669b40f5fbaecee1', '/bin/sh -c set -x     && addgr', 'ADD file:b83df51ab7caf8a4dc35f', 'ADD file:e8d512b08fe2ddc6f2c85', '/bin/sh -c set -eux; \tapt-get ', '/bin/sh -c set -ex; \tif ! comm', '/bin/sh -c apt-get update && a', '/bin/sh -c set -ex; \tapt-get u', '/bin/sh -c set -eux; \tapt-get ', '/bin/sh -c set -eux; \t\twget -O', '/bin/sh -c set -eux; \t\twget -O', '/bin/sh -c set -eux; \tsavedApt', '/bin/sh -c set -eux; \t\tsavedAp', '/bin/sh -c ARCH= && dpkgArch=""', '/bin/sh -c set -ex   && for ke', '/bin/sh -c set -eux; \tapt-get ', '/bin/sh -c set -ex; \t\tsavedApt', '/bin/sh -c set -x \t&& export D', 'ADD file:59187422476c57db46e60', '/bin/sh -c apt-get update && a', '/bin/sh -c set -eux; \tsavedApt', '/bin/sh -c set -eux; \tapt-get ', '/bin/sh -c { \t\techo mysql-comm', '|1 PGP_KEYSERVER=keyserver.ubu', '|1 PGP_KEYSERVER=keyserver.ubu', '/bin/sh -c set -eux; \tapt-get ', '/bin/sh -c set -eux; \t\tsavedAp', '/bin/sh -c set -eux; \t\tsavedAp']","['registry', 'alpine', 'nginx', 'ubuntu', 'python', 'redis', 'node', 'mongo', 'mysql', 'rabbitmq', 'debian', 'php']",[],[],3,97.325
EdgeServer_6,11,6,"[6, 2]",True,12,16384,131072,2,4096,80,0,"[3, 6]",[],"['ADD file:966d3669b40f5fbaecee1', '/bin/sh -c set -x     && addgr', 'ADD file:b83df51ab7caf8a4dc35f']",[],[],[],3,85.91666666666667
EdgeServer_1,12,1,"[0, 0]",True,8,16384,131072,0,0,0,0,[],[],[],[],[],[],3,165.99599999999998
EdgeServer_2,12,2,"[0, 2]",True,8,16384,131072,0,0,0,0,[],[],[],[],[],[],3,165.99599999999998
EdgeServer_3,12,3,"[6, 0]",True,8,8192,131072,0,0,0,0,[],[],[],[],[],[],3,66.9914
EdgeServer_4,12,4,"[1, 3]",True,8,8192,131072,2,4096,80,0,"[4, 5]",[],"['ADD file:966d3669b40f5fbaecee1', '/bin/sh -c set -x     && addgr', 'ADD file:b83df51ab7caf8a4dc35f']",[],[],[],3,104.74355
EdgeServer_5,12,5,"[7, 1]",True,12,16384,131072,3,5120,1017,0,"[1, 2]",[1],"['ADD file:5d673d25da3a14ce1f6cf', '/bin/sh -c set -eux; \tversion=', 'ADD file:966d3669b40f5fbaecee1', '/bin/sh -c set -x     && addgr', 'ADD file:b83df51ab7caf8a4dc35f', 'ADD file:e8d512b08fe2ddc6f2c85', '/bin/sh -c set -eux; \tapt-get ', '/bin/sh -c set -ex; \tif ! comm', '/bin/sh -c apt-get update && a', '/bin/sh -c set -ex; \tapt-get u', '/bin/sh -c set -eux; \tapt-get ', '/bin/sh -c set -eux; \t\twget -O', '/bin/sh -c set -eux; \t\twget -O', '/bin/sh -c set -eux; \tsavedApt', '/bin/sh -c set -eux; \t\tsavedAp', '/bin/sh -c ARCH= && dpkgArch=""', '/bin/sh -c set -ex   && for ke', '/bin/sh -c set -eux; \tapt-get ', '/bin/sh -c set -ex; \t\tsavedApt', '/bin/sh -c set -x \t&& export D', 'ADD file:59187422476c57db46e60', '/bin/sh -c apt-get update && a', '/bin/sh -c set -eux; \tsavedApt', '/bin/sh -c set -eux; \tapt-get ', '/bin/sh -c { \t\techo mysql-comm', '|1 PGP_KEYSERVER=keyserver.ubu', '|1 PGP_KEYSERVER=keyserver.ubu', '/bin/sh -c set -eux; \tapt-get ', '/bin/sh -c set -eux; \t\tsavedAp', '/bin/sh -c set -eux; \t\tsavedAp']","['registry', 'alpine', 'nginx', 'ubuntu', 'python', 'redis', 'node', 'mongo', 'mysql', 'rabbitmq', 'debian', 'php']",[],[],3,97.325
EdgeServer_6,12,6,"[6, 2]",True,12,16384,131072,2,4096,80,0,"[3, 6]",[],"['ADD file:966d3669b40f5fbaecee1', '/bin/sh -c set -x     && addgr', 'ADD file:b83df51ab7caf8a4dc35f']",[],[],[],3,85.91666666666667
EdgeServer_1,13,1,"[0, 0]",True,8,16384,131072,0,0,0,0,[],[],[],[],[],[],3,165.99599999999998
EdgeServer_2,13,2,"[0, 2]",True,8,16384,131072,0,0,0,0,[],[],[],[],[],[],3,165.99599999999998
EdgeServer_3,13,3,"[6, 0]",True,8,8192,131072,0,0,0,0,[],[],[],[],[],[],3,66.9914
EdgeServer_4,13,4,"[1, 3]",True,8,8192,131072,2,4096,80,0,"[4, 5]",[],"['ADD file:966d3669b40f5fbaecee1', '/bin/sh -c set -x     && addgr', 'ADD file:b83df51ab7caf8a4dc35f']",[],[],[],3,104.74355
EdgeServer_5,13,5,"[7, 1]",True,12,16384,131072,3,5120,1017,0,"[1, 2]",[1],"['ADD file:5d673d25da3a14ce1f6cf', '/bin/sh -c set -eux; \tversion=', 'ADD file:966d3669b40f5fbaecee1', '/bin/sh -c set -x     && addgr', 'ADD file:b83df51ab7caf8a4dc35f', 'ADD file:e8d512b08fe2ddc6f2c85', '/bin/sh -c set -eux; \tapt-get ', '/bin/sh -c set -ex; \tif ! comm', '/bin/sh -c apt-get update && a', '/bin/sh -c set -ex; \tapt-get u', '/bin/sh -c set -eux; \tapt-get ', '/bin/sh -c set -eux; \t\twget -O', '/bin/sh -c set -eux; \t\twget -O', '/bin/sh -c set -eux; \tsavedApt', '/bin/sh -c set -eux; \t\tsavedAp', '/bin/sh -c ARCH= && dpkgArch=""', '/bin/sh -c set -ex   && for ke', '/bin/sh -c set -eux; \tapt-get ', '/bin/sh -c set -ex; \t\tsavedApt', '/bin/sh -c set -x \t&& export D', 'ADD file:59187422476c57db46e60', '/bin/sh -c apt-get update && a', '/bin/sh -c set -eux; \tsavedApt', '/bin/sh -c set -eux; \tapt-get ', '/bin/sh -c { \t\techo mysql-comm', '|1 PGP_KEYSERVER=keyserver.ubu', '|1 PGP_KEYSERVER=keyserver.ubu', '/bin/sh -c set -eux; \tapt-get ', '/bin/sh -c set -eux; \t\tsavedAp', '/bin/sh -c set -eux; \t\tsavedAp']","['registry', 'alpine', 'nginx', 'ubuntu', 'python', 'redis', 'node', 'mongo', 'mysql', 'rabbitmq', 'debian', 'php']",[],[],3,97.325
EdgeServer_6,13,6,"[6, 2]",True,12,16384,131072,2,4096,80,0,"[3, 6]",[],"['ADD file:966d3669b40f5fbaecee1', '/bin/sh -c set -x     && addgr', 'ADD file:b83df51ab7caf8a4dc35f']",[],[],[],3,85.91666666666667
EdgeServer_1,14,1,"[0, 0]",True,8,16384,131072,0,0,0,0,[],[],[],[],[],[],3,165.99599999999998
EdgeServer_2,14,2,"[0, 2]",True,8,16384,131072,0,0,0,0,[],[],[],[],[],[],3,165.99599999999998
EdgeServer_3,14,3,"[6, 0]",True,8,8192,131072,0,0,0,0,[],[],[],[],[],[],3,66.9914
EdgeServer_4,14,4,"[1, 3]",True,8,8192,131072,2,4096,80,0,"[4, 5]",[],"['ADD file:966d3669b40f5fbaecee1', '/bin/sh -c set -x     && addgr', 'ADD file:b83df51ab7caf8a4dc35f']",[],[],[],3,104.74355
EdgeServer_5,14,5,"[7, 1]",True,12,16384,131072,3,5120,1017,0,"[1, 2]",[1],"['ADD file:5d673d25da3a14ce1f6cf', '/bin/sh -c set -eux; \tversion=', 'ADD file:966d3669b40f5fbaecee1', '/bin/sh -c set -x     && addgr', 'ADD file:b83df51ab7caf8a4dc35f', 'ADD file:e8d512b08fe2ddc6f2c85', '/bin/sh -c set -eux; \tapt-get ', '/bin/sh -c set -ex; \tif ! comm', '/bin/sh -c apt-get update && a', '/bin/sh -c set -ex; \tapt-get u', '/bin/sh -c set -eux; \tapt-get ', '/bin/sh -c set -eux; \t\twget -O', '/bin/sh -c set -eux; \t\twget -O', '/bin/sh -c set -eux; \tsavedApt', '/bin/sh -c set -eux; \t\tsavedAp', '/bin/sh -c ARCH= && dpkgArch=""', '/bin/sh -c set -ex   && for ke', '/bin/sh -c set -eux; \tapt-get ', '/bin/sh -c set -ex; \t\tsavedApt', '/bin/sh -c set -x \t&& export D', 'ADD file:59187422476c57db46e60', '/bin/sh -c apt-get update && a', '/bin/sh -c set -eux; \tsavedApt', '/bin/sh -c set -eux; \tapt-get ', '/bin/sh -c { \t\techo mysql-comm', '|1 PGP_KEYSERVER=keyserver.ubu', '|1 PGP_KEYSERVER=keyserver.ubu', '/bin/sh -c set -eux; \tapt-get ', '/bin/sh -c set -eux; \t\tsavedAp', '/bin/sh -c set -eux; \t\tsavedAp']","['registry', 'alpine', 'nginx', 'ubuntu', 'python', 'redis', 'node', 'mongo', 'mysql', 'rabbitmq', 'debian', 'php']",[],[],3,97.325
EdgeServer_6,14,6,"[6, 2]",True,12,16384,131072,2,4096,80,0,"[3, 6]",[],"['ADD file:966d3669b40f5fbaecee1', '/bin/sh -c set -x     && addgr', 'ADD file:b83df51ab7caf8a4dc35f']",[],[],[],3,85.91666666666667
EdgeServer_1,15,1,"[0, 0]",True,8,16384,131072,0,0,0,0,[],[],[],[],[],[],3,165.99599999999998
EdgeServer_2,15,2,"[0, 2]",True,8,16384,131072,0,0,0,0,[],[],[],[],[],[],3,165.99599999999998
EdgeServer_3,15,3,"[6, 0]",True,8,8192,131072,0,0,0,0,[],[],[],[],[],[],3,66.9914
EdgeServer_4,15,4,"[1, 3]",True,8,8192,131072,2,4096,80,0,"[4, 5]",[],"['ADD file:966d3669b40f5fbaecee1', '/bin/sh -c set -x     && addgr', 'ADD file:b83df51ab7caf8a4dc35f']",[],[],[],3,104.74355
EdgeServer_5,15,5,"[7, 1]",True,12,16384,131072,3,5120,1017,0,"[1, 2]",[1],"['ADD file:5d673d25da3a14ce1f6cf', '/bin/sh -c set -eux; \tversion=', 'ADD file:966d3669b40f5fbaecee1', '/bin/sh -c set -x     && addgr', 'ADD file:b83df51ab7caf8a4dc35f', 'ADD file:e8d512b08fe2ddc6f2c85', '/bin/sh -c set -eux; \tapt-get ', '/bin/sh -c set -ex; \tif ! comm', '/bin/sh -c apt-get update && a', '/bin/sh -c set -ex; \tapt-get u', '/bin/sh -c set -eux; \tapt-get ', '/bin/sh -c set -eux; \t\twget -O', '/bin/sh -c set -eux; \t\twget -O', '/bin/sh -c set -eux; \tsavedApt', '/bin/sh -c set -eux; \t\tsavedAp', '/bin/sh -c ARCH= && dpkgArch=""', '/bin/sh -c set -ex   && for ke', '/bin/sh -c set -eux; \tapt-get ', '/bin/sh -c set -ex; \t\tsavedApt', '/bin/sh -c set -x \t&& export D', 'ADD file:59187422476c57db46e60', '/bin/sh -c apt-get update && a', '/bin/sh -c set -eux; \tsavedApt', '/bin/sh -c set -eux; \tapt-get ', '/bin/sh -c { \t\techo mysql-comm', '|1 PGP_KEYSERVER=keyserver.ubu', '|1 PGP_KEYSERVER=keyserver.ubu', '/bin/sh -c set -eux; \tapt-get ', '/bin/sh -c set -eux; \t\tsavedAp', '/bin/sh -c set -eux; \t\tsavedAp']","['registry', 'alpine', 'nginx', 'ubuntu', 'python', 'redis', 'node', 'mongo', 'mysql', 'rabbitmq', 'debian', 'php']",[],[],3,97.325
EdgeServer_6,15,6,"[6, 2]",True,12,16384,131072,2,4096,80,0,"[3, 6]",[],"['ADD file:966d3669b40f5fbaecee1', '/bin/sh -c set -x     && addgr', 'ADD file:b83df51ab7caf8a4dc35f']",[],[],[],3,85.91666666666667
EdgeServer_1,16,1,"[0, 0]",True,8,16384,131072,0,0,0,0,[],[],[],[],[],[],3,165.99599999999998
EdgeServer_2,16,2,"[0, 2]",True,8,16384,131072,0,0,0,0,[],[],[],[],[],[],3,165.99599999999998
EdgeServer_3,16,3,"[6, 0]",True,8,8192,131072,0,0,0,0,[],[],[],[],[],[],3,66.9914
EdgeServer_4,16,4,"[1, 3]",True,8,8192,131072,2,4096,80,0,"[4, 5]",[],"['ADD file:966d3669b40f5fbaecee1', '/bin/sh -c set -x     && addgr', 'ADD file:b83df51ab7caf8a4dc35f']",[],[],[],3,104.74355
EdgeServer_5,16,5,"[7, 1]",True,12,16384,131072,3,5120,1017,0,"[1, 2]",[1],"['ADD file:5d673d25da3a14ce1f6cf', '/bin/sh -c set -eux; \tversion=', 'ADD file:966d3669b40f5fbaecee1', '/bin/sh -c set -x     && addgr', 'ADD file:b83df51ab7caf8a4dc35f', 'ADD file:e8d512b08fe2ddc6f2c85', '/bin/sh -c set -eux; \tapt-get ', '/bin/sh -c set -ex; \tif ! comm', '/bin/sh -c apt-get update && a', '/bin/sh -c set -ex; \tapt-get u', '/bin/sh -c set -eux; \tapt-get ', '/bin/sh -c set -eux; \t\twget -O', '/bin/sh -c set -eux; \t\twget -O', '/bin/sh -c set -eux; \tsavedApt', '/bin/sh -c set -eux; \t\tsavedAp', '/bin/sh -c ARCH= && dpkgArch=""', '/bin/sh -c set -ex   && for ke', '/bin/sh -c set -eux; \tapt-get ', '/bin/sh -c set -ex; \t\tsavedApt', '/bin/sh -c set -x \t&& export D', 'ADD file:59187422476c57db46e60', '/bin/sh -c apt-get update && a', '/bin/sh -c set -eux; \tsavedApt', '/bin/sh -c set -eux; \tapt-get ', '/bin/sh -c { \t\techo mysql-comm', '|1 PGP_KEYSERVER=keyserver.ubu', '|1 PGP_KEYSERVER=keyserver.ubu', '/bin/sh -c set -eux; \tapt-get ', '/bin/sh -c set -eux; \t\tsavedAp', '/bin/sh -c set -eux; \t\tsavedAp']","['registry', 'alpine', 'nginx', 'ubuntu', 'python', 'redis', 'node', 'mongo', 'mysql', 'rabbitmq', 'debian', 'php']",[],[],3,97.325
EdgeServer_6,16,6,"[6, 2]",True,12,16384,131072,2,4096,80,0,"[3, 6]",[],"['ADD file:966d3669b40f5fbaecee1', '/bin/sh -c set -x     && addgr', 'ADD file:b83df51ab7caf8a4dc35f']",[],[],[],3,85.91666666666667
EdgeServer_1,17,1,"[0, 0]",True,8,16384,131072,0,0,0,0,[],[],[],[],[],[],3,165.99599999999998
EdgeServer_2,17,2,"[0, 2]",True,8,16384,131072,0,0,0,0,[],[],[],[],[],[],3,165.99599999999998
EdgeServer_3,17,3,"[6, 0]",True,8,8192,131072,0,0,0,0,[],[],[],[],[],[],3,66.9914
EdgeServer_4,17,4,"[1, 3]",True,8,8192,131072,2,4096,80,0,"[4, 5]",[],"['ADD file:966d3669b40f5fbaecee1', '/bin/sh -c set -x     && addgr', 'ADD file:b83df51ab7caf8a4dc35f']",[],[],[],3,104.74355
EdgeServer_5,17,5,"[7, 1]",True,12,16384,131072,3,5120,1017,0,"[1, 2]",[1],"['ADD file:5d673d25da3a14ce1f6cf', '/bin/sh -c set -eux; \tversion=', 'ADD file:966d3669b40f5fbaecee1', '/bin/sh -c set -x     && addgr', 'ADD file:b83df51ab7caf8a4dc35f', 'ADD file:e8d512b08fe2ddc6f2c85', '/bin/sh -c set -eux; \tapt-get ', '/bin/sh -c set -ex; \tif ! comm', '/bin/sh -c apt-get update && a', '/bin/sh -c set -ex; \tapt-get u', '/bin/sh -c set -eux; \tapt-get ', '/bin/sh -c set -eux; \t\twget -O', '/bin/sh -c set -eux; \t\twget -O', '/bin/sh -c set -eux; \tsavedApt', '/bin/sh -c set -eux; \t\tsavedAp', '/bin/sh -c ARCH= && dpkgArch=""', '/bin/sh -c set -ex   && for ke', '/bin/sh -c set -eux; \tapt-get ', '/bin/sh -c set -ex; \t\tsavedApt', '/bin/sh -c set -x \t&& export D', 'ADD file:59187422476c57db46e60', '/bin/sh -c apt-get update && a', '/bin/sh -c set -eux; \tsavedApt', '/bin/sh -c set -eux; \tapt-get ', '/bin/sh -c { \t\techo mysql-comm', '|1 PGP_KEYSERVER=keyserver.ubu', '|1 PGP_KEYSERVER=keyserver.ubu', '/bin/sh -c set -eux; \tapt-get ', '/bin/sh -c set -eux; \t\tsavedAp', '/bin/sh -c set -eux; \t\tsavedAp']","['registry', 'alpine', 'nginx', 'ubuntu', 'python', 'redis', 'node', 'mongo', 'mysql', 'rabbitmq', 'debian', 'php']",[],[],3,97.325
EdgeServer_6,17,6,"[6, 2]",True,12,16384,131072,2,4096,80,0,"[3, 6]",[],"['ADD file:966d3669b40f5fbaecee1', '/bin/sh -c set -x     && addgr', 'ADD file:b83df51ab7caf8a4dc35f']",[],[],[],3,85.91666666666667
EdgeServer_1,18,1,"[0, 0]",True,8,16384,131072,0,0,0,0,[],[],[],[],[],[],3,165.99599999999998
EdgeServer_2,18,2,"[0, 2]",True,8,16384,131072,0,0,0,0,[],[],[],[],[],[],3,165.99599999999998
EdgeServer_3,18,3,"[6, 0]",True,8,8192,131072,0,0,0,0,[],[],[],[],[],[],3,66.9914
EdgeServer_4,18,4,"[1, 3]",True,8,8192,131072,2,4096,80,0,"[4, 5]",[],"['ADD file:966d3669b40f5fbaecee1', '/bin/sh -c set -x     && addgr', 'ADD file:b83df51ab7caf8a4dc35f']",[],[],[],3,104.74355
EdgeServer_5,18,5,"[7, 1]",True,12,16384,131072,3,5120,1017,0,"[1, 2]",[1],"['ADD file:5d673d25da3a14ce1f6cf', '/bin/sh -c set -eux; \tversion=', 'ADD file:966d3669b40f5fbaecee1', '/bin/sh -c set -x     && addgr', 'ADD file:b83df51ab7caf8a4dc35f', 'ADD file:e8d512b08fe2ddc6f2c85', '/bin/sh -c set -eux; \tapt-get ', '/bin/sh -c set -ex; \tif ! comm', '/bin/sh -c apt-get update && a', '/bin/sh -c set -ex; \tapt-get u', '/bin/sh -c set -eux; \tapt-get ', '/bin/sh -c set -eux; \t\twget -O', '/bin/sh -c set -eux; \t\twget -O', '/bin/sh -c set -eux; \tsavedApt', '/bin/sh -c set -eux; \t\tsavedAp', '/bin/sh -c ARCH= && dpkgArch=""', '/bin/sh -c set -ex   && for ke', '/bin/sh -c set -eux; \tapt-get ', '/bin/sh -c set -ex; \t\tsavedApt', '/bin/sh -c set -x \t&& export D', 'ADD file:59187422476c57db46e60', '/bin/sh -c apt-get update && a', '/bin/sh -c set -eux; \tsavedApt', '/bin/sh -c set -eux; \tapt-get ', '/bin/sh -c { \t\techo mysql-comm', '|1 PGP_KEYSERVER=keyserver.ubu', '|1 PGP_KEYSERVER=keyserver.ubu', '/bin/sh -c set -eux; \tapt-get ', '/bin/sh -c set -eux; \t\tsavedAp', '/bin/sh -c set -eux; \t\tsavedAp']","['registry', 'alpine', 'nginx', 'ubuntu', 'python', 'redis', 'node', 'mongo', 'mysql', 'rabbitmq', 'debian', 'php']",[],[],3,97.325
EdgeServer_6,18,6,"[6, 2]",True,12,16384,131072,2,4096,80,0,"[3, 6]",[],"['ADD file:966d3669b40f5fbaecee1', '/bin/sh -c set -x     && addgr', 'ADD file:b83df51ab7caf8a4dc35f']",[],[],[],3,85.91666666666667
EdgeServer_1,19,1,"[0, 0]",True,8,16384,131072,0,0,0,0,[],[],[],[],[],[],3,165.99599999999998
EdgeServer_2,19,2,"[0, 2]",True,8,16384,131072,0,0,0,0,[],[],[],[],[],[],3,165.99599999999998
EdgeServer_3,19,3,"[6, 0]",True,8,8192,131072,0,0,0,0,[],[],[],[],[],[],3,66.9914
EdgeServer_4,19,4,"[1, 3]",True,8,8192,131072,2,4096,80,0,"[4, 5]",[],"['ADD file:966d3669b40f5fbaecee1', '/bin/sh -c set -x     && addgr', 'ADD file:b83df51ab7caf8a4dc35f']",[],[],[],3,104.74355
EdgeServer_5,19,5,"[7, 1]",True,12,16384,131072,3,5120,1017,0,"[1, 2]",[1],"['ADD file:5d673d25da3a14ce1f6cf', '/bin/sh -c set -eux; \tversion=', 'ADD file:966d3669b40f5fbaecee1', '/bin/sh -c set -x     && addgr', 'ADD file:b83df51ab7caf8a4dc35f', 'ADD file:e8d512b08fe2ddc6f2c85', '/bin/sh -c set -eux; \tapt-get ', '/bin/sh -c set -ex; \tif ! comm', '/bin/sh -c apt-get update && a', '/bin/sh -c set -ex; \tapt-get u', '/bin/sh -c set -eux; \tapt-get ', '/bin/sh -c set -eux; \t\twget -O', '/bin/sh -c set -eux; \t\twget -O', '/bin/sh -c set -eux; \tsavedApt', '/bin/sh -c set -eux; \t\tsavedAp', '/bin/sh -c ARCH= && dpkgArch=""', '/bin/sh -c set -ex   && for ke', '/bin/sh -c set -eux; \tapt-get ', '/bin/sh -c set -ex; \t\tsavedApt', '/bin/sh -c set -x \t&& export D', 'ADD file:59187422476c57db46e60', '/bin/sh -c apt-get update && a', '/bin/sh -c set -eux; \tsavedApt', '/bin/sh -c set -eux; \tapt-get ', '/bin/sh -c { \t\techo mysql-comm', '|1 PGP_KEYSERVER=keyserver.ubu', '|1 PGP_KEYSERVER=keyserver.ubu', '/bin/sh -c set -eux; \tapt-get ', '/bin/sh -c set -eux; \t\tsavedAp', '/bin/sh -c set -eux; \t\tsavedAp']","['registry', 'alpine', 'nginx', 'ubuntu', 'python', 'redis', 'node', 'mongo', 'mysql', 'rabbitmq', 'debian', 'php']",[],[],3,97.325
EdgeServer_6,19,6,"[6, 2]",True,12,16384,131072,2,4096,80,0,"[3, 6]",[],"['ADD file:966d3669b40f5fbaecee1', '/bin/sh -c set -x     && addgr', 'ADD file:b83df51ab7caf8a4dc35f']",[],[],[],3,85.91666666666667
EdgeServer_1,20,1,"[0, 0]",True,8,16384,131072,0,0,0,0,[],[],[],[],[],[],3,165.99599999999998
EdgeServer_2,20,2,"[0, 2]",True,8,16384,131072,0,0,0,0,[],[],[],[],[],[],3,165.99599999999998
EdgeServer_3,20,3,"[6, 0]",True,8,8192,131072,0,0,0,0,[],[],[],[],[],[],3,66.9914
EdgeServer_4,20,4,"[1, 3]",True,8,8192,131072,2,4096,80,0,"[4, 5]",[],"['ADD file:966d3669b40f5fbaecee1', '/bin/sh -c set -x     && addgr', 'ADD file:b83df51ab7caf8a4dc35f']",[],[],[],3,104.74355
EdgeServer_5,20,5,"[7, 1]",True,12,16384,131072,3,5120,1017,0,"[1, 2]",[1],"['ADD file:5d673d25da3a14ce1f6cf', '/bin/sh -c set -eux; \tversion=', 'ADD file:966d3669b40f5fbaecee1', '/bin/sh -c set -x     && addgr', 'ADD file:b83df51ab7caf8a4dc35f', 'ADD file:e8d512b08fe2ddc6f2c85', '/bin/sh -c set -eux; \tapt-get ', '/bin/sh -c set -ex; \tif ! comm', '/bin/sh -c apt-get update && a', '/bin/sh -c set -ex; \tapt-get u', '/bin/sh -c set -eux; \tapt-get ', '/bin/sh -c set -eux; \t\twget -O', '/bin/sh -c set -eux; \t\twget -O', '/bin/sh -c set -eux; \tsavedApt', '/bin/sh -c set -eux; \t\tsavedAp', '/bin/sh -c ARCH= && dpkgArch=""', '/bin/sh -c set -ex   && for ke', '/bin/sh -c set -eux; \tapt-get ', '/bin/sh -c set -ex; \t\tsavedApt', '/bin/sh -c set -x \t&& export D', 'ADD file:59187422476c57db46e60', '/bin/sh -c apt-get update && a', '/bin/sh -c set -eux; \tsavedApt', '/bin/sh -c set -eux; \tapt-get ', '/bin/sh -c { \t\techo mysql-comm', '|1 PGP_KEYSERVER=keyserver.ubu', '|1 PGP_KEYSERVER=keyserver.ubu', '/bin/sh -c set -eux; \tapt-get ', '/bin/sh -c set -eux; \t\tsavedAp', '/bin/sh -c set -eux; \t\tsavedAp']","['registry', 'alpine', 'nginx', 'ubuntu', 'python', 'redis', 'node', 'mongo', 'mysql', 'rabbitmq', 'debian', 'php']",[],[],3,97.325
EdgeServer_6,20,6,"[6, 2]",True,12,16384,131072,2,4096,80,0,"[3, 6]",[],"['ADD file:966d3669b40f5fbaecee1', '/bin/sh -c set -x     && addgr', 'ADD file:b83df51ab7caf8a4dc35f']",[],[],[],3,85.91666666666667
